FID,gid,peripherei,nomarchia,id,ip,lat,lon,perigrafh,dhmos,the_geom
dc5df4f5-3bd4-44d8-9edd-151f7270f20b.0,1,Αττικής,Αθηνών,170,10.2.84.1,38.06357956,23.76070786,Κεντρική πλατεία δήμου - Λύκειο δήμου,Δ.Μεταμορφώσεως,POINT (478859.2138693498 4212608.676348656)
dc5df4f5-3bd4-44d8-9edd-151f7270f20b.1,2,Αττικής,Αθηνών,147,10.2.28.1,38.01788712,23.76995087,Πλατεία Ελευθερίας,Δ.Νέου Ψυχικού,POINT (479657.54599262454 4207536.91021742)
dc5df4f5-3bd4-44d8-9edd-151f7270f20b.2,3,Αττικής,Αθηνών,15,10.4.4.1,38.0098381,23.78383446,Μεγάλο Πάρκο Παπάγου,Δ.Παπάγου,POINT (480874.0948687562 4206640.634486865)
dc5df4f5-3bd4-44d8-9edd-151f7270f20b.3,4,Αττικής,Αθηνών,1012,10.6.36.1,37.97221375,23.71725082,ΧΑΡΟΚΟΠΕΙΟ ΠΑΝΕΠΙΣΤΗΜΙΟ,Χαροκόπειο,POINT (475016.32222977025 4202481.997782743)
dc5df4f5-3bd4-44d8-9edd-151f7270f20b.4,5,Αττικής,Ανατολικής Αττικής,1143,10.6.188.1,37.83812332,23.92946625,Πλατεία ΕυαγγελιστρίαςΣ,Δ.Καλυβιών Αττικής,POINT (493644.2135392882 4187569.0213839947)
dc5df4f5-3bd4-44d8-9edd-151f7270f20b.5,6,Αττικής,Ανατολικής Αττικής,50,10.1.132.1,38.14202881,23.85861778,ΠΛΑΤΕΙΑ ΔΗΜΟΚΡΑΤΙΑΣ-ΚΕΝΤΡΙΚΗ ΠΛΑΤΕΙΑ ΑΓΙΟΥ ΣΤΕΦΑΝΟΥ,Δ.Αγίου Στεφάνου,POINT (487461.35230603744 4221295.297998239)
dc5df4f5-3bd4-44d8-9edd-151f7270f20b.6,7,Αττικής,Ανατολικής Αττικής,67,10.1.12.1,37.84040451,23.76656151,ΠΛΑΤΕΙΑ ΙΜΙΩΝ-ΘΕΣΗ: ΕΠΙ ΤΗΣ Οδ. ΒΑΣΙΛΕΩΣ ΠΑΥΛΟΥ 72-84,Δ.Βούλας,POINT (479310.79672012123 4187845.635380396)
dc5df4f5-3bd4-44d8-9edd-151f7270f20b.7,8,Αττικής,Ανατολικής Αττικής,325,10.3.236.1,38.03653717,23.54307747,Κτίριο του Ο.Λ. Ελευσίνας. Παραλιακή ζώνη-πάρκο,Δ.Ελευσίνος,POINT (459753.52598047623 4209679.455079951)
dc5df4f5-3bd4-44d8-9edd-151f7270f20b.8,9,Αττικής,Ανατολικής Αττικής,264,10.3.100.1,37.90122986,23.87347221,ΚΕΝΤΡΙΚΗ ΠΛΑΤΕΙΑ ΠΟΛΗΣ-ΠΝΕΥΜΑΤΙΚΟ ΚΕΝΤΡΟ- ΔΗΜΟΤΙΚΗ ΒΙΒΛΙΟΘΗΚΗ,Δ.Κρωπίας,POINT (488726.75064196164 4194575.775897833)
dc5df4f5-3bd4-44d8-9edd-151f7270f20b.9,10,Αττικής,Ανατολικής Αττικής,263,10.3.92.1,37.71229172,24.05509377,ΛΙΜΕΝΙΚΗ ΖΩΝΗ ΛΑΥΡΙΟΥ - ΔΗΜΑΡΧΕΙΟ ΛΑΥΡΕΩΤΙΚΗΣ,Δ.Λαυρεωτικής,POINT (504706.3712147839 4173607.3876991626)
dc5df4f5-3bd4-44d8-9edd-151f7270f20b.10,11,Αττικής,Ανατολικής Αττικής,301,10.3.188.1,37.95375061,23.85308266,ΠΛΑΤΕΙΑ ΖΩΟΔΟΧΟΥ ΠΗΓΗΣ-ΚΕΝΤΡΙΚΗ ΠΛΑΤΕΙΑ ΠΑΙΑΝΙΑΣ,Δ.Παιανίας,POINT (486943.30444726325 4200405.768011644)
dc5df4f5-3bd4-44d8-9edd-151f7270f20b.11,12,Αττικής,Ανατολικής Αττικής,268,10.4.28.1,38.02563095,24.01170731,"ΕΠΙΒΑΤΙΚΟΣ ΛΙΜΕΝΑΣ, ΛΙΜΑΝΙ ΡΑΦΗΝΑΣ",Δ.Ραφήνας,POINT (500877.88733786973 4208370.948051077)
dc5df4f5-3bd4-44d8-9edd-151f7270f20b.12,13,Αττικής,Ανατολικής Αττικής,320,10.3.220.1,38.12951279,23.76058197,ΚΕΝΤΡΟ ΝΕΟΤΗΤΟΣ ΔΗΜΟΥ ΘΡΑΚΟΜΑΚΕΔΟΝΩΝ-(ΜΕΓΑΛΟΥ ΑΛΕΞΑΝΔΡΟΥ και ΑΡΙΣΤΟΤΕΛΟΥΣ Ο.Τ. 84),Κ.Δ.Θρακομακεδόνων,POINT (478867.1036649327 4219924.152394377)
dc5df4f5-3bd4-44d8-9edd-151f7270f20b.13,14,Αττικής,Ανατολικής Αττικής,1024,10.7.228.1,37.71818924,23.94592476,Πλατεία,Κ.Παλαιάς Φωκαίας,POINT (495084.66689636133 4174261.7876516744)
dc5df4f5-3bd4-44d8-9edd-151f7270f20b.14,15,Αττικής,Δυτικής Αττικής,1112,10.7.116.1,37.97374725,23.36314011,Λιμάνι-Παραλία,Δ.Μεγαρέων,POINT (443915.34578065056 4202805.546416315)
dc5df4f5-3bd4-44d8-9edd-151f7270f20b.15,16,Αττικής,Πειραιώς,1062,10.6.108.1,37.69335556,23.44934082,Παραλιακή Ζώνη - Παραλία Πέρδικα,Δ.Αίγινας,POINT (451303.0122427994 4171647.566859697)
dc5df4f5-3bd4-44d8-9edd-151f7270f20b.16,17,Αττικής,Πειραιώς,303,10.3.196.1,37.35364532,23.47110748,ΛΙΜΕΝΑΣ ΥΔΡΑΣ,Δ.Ύδρας,POINT (453010.0510962651 4133947.3346740543)
dc5df4f5-3bd4-44d8-9edd-151f7270f20b.17,18,Αττικής,Πειραιώς,1010,10.7.48.1,37.50318909,23.46010208,Λιμάνι-Παραλία,Δ.Πόρου,POINT (452130.4416083557 4150543.834881252)
dc5df4f5-3bd4-44d8-9edd-151f7270f20b.18,19,Ανατ. Μακεδονίας και Θράκης,Δράμας,1019,10.6.44.1,41.16586685,24.30824661,ΚΕΝΤΡΙΚΗ ΠΛΑΤΕΙΑ ΠΛΑΤΑΝΙΑΣ,Δ.Νικηφόρου,POINT (525709.5137047112 4556930.102165253)
dc5df4f5-3bd4-44d8-9edd-151f7270f20b.19,20,Ανατ. Μακεδονίας και Θράκης,Δράμας,129,10.2.12.1,41.14760208,24.14873695,ΠΛΑΤΕΙΑ ΕΛΕΥΘΕΡΙΑΣ-ΚΕΝΤΡΙΚΗ ΠΛΑΤΕΙΑ ΔΡΑΜΑΣ,Δ.Δράμας,POINT (512331.5285346366 4554867.472945357)
dc5df4f5-3bd4-44d8-9edd-151f7270f20b.20,21,Ανατ. Μακεδονίας και Θράκης,Δράμας,127,10.2.4.1,41.34397125,23.8665905,ΚΕΝΤΡΙΚΗ ΠΛΑΤΕΙΑ ΚΑΤΩ ΝΕΥΡΟΚΟΠΙΟΥ,Δ.Κάτω Νευροκοπίου,POINT (488688.9012330882 4576665.272882446)
dc5df4f5-3bd4-44d8-9edd-151f7270f20b.21,22,Ανατ. Μακεδονίας και Θράκης,Δράμας,235,10.2.252.1,41.05963516,24.04946136,ΠΛΑΤΕΙΑ και ΣΙΔΗΡΟΔΡΟΜΙΚΟΣ ΣΤΑΘΜΟΣ,Δ.Φωτολίβους,POINT (504006.50730889995 4545092.617108914)
dc5df4f5-3bd4-44d8-9edd-151f7270f20b.22,23,Ανατ. Μακεδονίας και Θράκης,Καβάλας,1120,10.6.156.1,41.01189423,24.28475761,ΑΡΧΑΙΟΛΟΓΙΚΟΣ ΧΩΡΟΣ ΦΙΛΙΠΠΩΝ,Δ.Φιλίππων,POINT (523794.9077537983 4539830.838862219)
dc5df4f5-3bd4-44d8-9edd-151f7270f20b.23,24,Ανατ. Μακεδονίας και Θράκης,Καβάλας,155,10.2.52.1,40.9346962,24.40748215,ΚΕΝΤΡΙΚΗ ΠΛΑΤΕΙΑ ΕΛΕΥΘΕΡΙΑΣ ΧΕΡΣΟΝΗΣΟΣ ΠΑΝΑΓΙΑΣ - ΛΙΜΑΝΙ ΚΑΒΑΛΑΣ,Δ.Καβάλας,POINT (534154.3600300339 4531301.670085251)
dc5df4f5-3bd4-44d8-9edd-151f7270f20b.24,25,Ανατ. Μακεδονίας και Θράκης,Καβάλας,300,10.3.180.1,40.91564941,24.62776375,ΚΡΑΤΙΚΟΣ ΑΕΡΟΛΙΜΕΝΑΣ ΚΑΒΑΛΑΣ,Δ.Χρυσούπολης,POINT (552714.0984610054 4529296.969441789)
dc5df4f5-3bd4-44d8-9edd-151f7270f20b.25,26,Ανατ. Μακεδονίας και Θράκης,Έβρου,330,10.3.252.1,41.57570267,26.22665787,ΚΕΝΤΡΙΚΗ ΠΛΑΤΕΙΑ ΔΗΜΟΥ ΚΥΠΡΙΝΟΥ,Δ.Κυπρίνος,POINT (685484.0044311158 4604777.486279914)
dc5df4f5-3bd4-44d8-9edd-151f7270f20b.26,27,Ανατ. Μακεδονίας και Θράκης,Έβρου,186,10.2.172.1,40.84380722,25.87930679,ΕΠΙΒΑΤΙΚΟΣ ΛΙΜΕΝΑΣ ΑΛΕΞΑΝΔΡΟΥΠΟΛΗΣ-ΧΕΡΣΑΙΑ ΖΩΝΗ ΛΙΜΕΝΟΣ ΑΛΕΞΑΝΔΡΟΥΠΟΛΗΣ,Δ.Αλεξανδρούπολης (Επιβατικό Λιμάνι),POINT (658280.8422129897 4522832.139906575)
dc5df4f5-3bd4-44d8-9edd-151f7270f20b.27,28,Ανατ. Μακεδονίας και Θράκης,Έβρου,104,10.1.236.1,40.84313202,25.87698174,"ΠΛΑΤΕΙΑ ΦΑΡΟΥ ΑΛΕΞΑΝΔΡΟΥΠΟΛΗΣ , ΤΜΗΜΑ ΛΙΜΕΝΑ ΑΛΕΞΑΝΔΡΟΥΠΟΛΗΣ , ΤΜΗΜΑ ΧΩΡΟΥ ΣΤΑΘΜΕΥΣΗΣ ΑΥΤΟΚΙΝΗΤΩΝ , ΝΑΥΤΙΚΟΣ ΟΜΙΛΟΣ",Δ.Αλεξανδρούπολης (Πλατεία Φάρου),POINT (658086.4042018258 4522752.953376454)
dc5df4f5-3bd4-44d8-9edd-151f7270f20b.28,29,Ανατ. Μακεδονίας και Θράκης,Ξάνθης,282,10.3.156.1,41.13703156,24.88689423,Κεντρική Πλατεία Ξάνθης,Δ.Ξάνθης,POINT (574285.8152210894 4554062.368340219)
dc5df4f5-3bd4-44d8-9edd-151f7270f20b.29,30,Ανατ. Μακεδονίας και Θράκης,Ξάνθης,177,10.2.132.1,41.19839096,24.70516396,ΚΕΝΤΡΙΚΗ ΠΛΑΤΕΙΑ-ΣΤΑΣΗ ΚΤΕΛ-ΣΤΑΘΜΟΣ ΟΣΕ,Δ.Σταυρουπόλεως Ξάνθης,POINT (558978.3092355796 4560734.715053507)
dc5df4f5-3bd4-44d8-9edd-151f7270f20b.30,31,Ανατ. Μακεδονίας και Θράκης,Ροδόπης,222,10.2.228.1,41.02584076,25.69864273,ΠΟΛΥΔΥΝΑΜΟΣ ΣΤΑΘΜΟΣ ΝΕΟΛΑΙΑΣ - ΠΕΖΟΡΔΟΜΟΣ ΜΠΑΚΟΓΙΑΝΝΗ,Δ.Σαπών,POINT (642657.0754962817 4542729.316494208)
dc5df4f5-3bd4-44d8-9edd-151f7270f20b.31,32,Ανατ. Μακεδονίας και Θράκης,Ροδόπης,12,10.1.60.1,41.12594223,25.18720245,ΚΕΝΤΡΙΚΗ ΠΛΑΤΕΙΑ ΙΑΣΜΟΥ,Δ.Ιάσμου,POINT (599507.4746115926 4553131.502932595)
dc5df4f5-3bd4-44d8-9edd-151f7270f20b.32,33,Ανατ. Μακεδονίας και Θράκης,Ροδόπης,238,10.3.12.1,41.08147049,25.69516563,Κεντρική Πλατεία,Δ.Αρριανά,POINT (642244.6539867066 4548899.651154615)
dc5df4f5-3bd4-44d8-9edd-151f7270f20b.33,34,Βορείου Αιγαίου,Λέσβου,283,10.3.164.1,39.10465622,26.56023026,ΕΠΙΒΑΤΙΚΟΣ ΛΙΜΕΝΑΣ ΜΥΤΙΛΗΝΗΣ,Δ.Μυτιλήνης,POINT (721234.8931240413 4331223.877846323)
dc5df4f5-3bd4-44d8-9edd-151f7270f20b.34,35,Βορείου Αιγαίου,Σάμου,293,10.4.252.1,37.75746536,26.97130203,ΠΛΑΤΕΙΑ ΠΥΘΑΓΟΡΑ ΣΑΜΟΥ-ΠΑΡΑΛΙΑΚΗ ΛΕΩΦΟΡΟ,Δ.Σαμίων,POINT (761610.520665123 4182775.536737571)
dc5df4f5-3bd4-44d8-9edd-151f7270f20b.35,36,Βορείου Αιγαίου,Σάμου,314,10.5.4.1,37.69709778,26.91577339,ΚΡΑΤΙΚΟΣ ΑΕΡΟΛΙΜΕΝΑΣ ΣΑΜΟΥ,Δ.Πυθαγορείου,POINT (756926.4386131305 4175921.869134389)
dc5df4f5-3bd4-44d8-9edd-151f7270f20b.36,37,Βορείου Αιγαίου,Χίου,1044,10.6.84.1,38.26522446,26.10335922,ΧΕΡΣΑΙΑ ΖΩΝΗ ΛΙΜΕΝΑ Δ. ΚΑΤΑΡΡΑΚΤΗ,Δ.Ιωνίας,POINT (683863.43857093 4237047.3618772095)
dc5df4f5-3bd4-44d8-9edd-151f7270f20b.37,38,Βορείου Αιγαίου,Χίου,3,10.1.36.1,38.31344604,26.13345909,ΠΛΑΤΕΙΑ ΦΑΤΟΥΡΟΥ ΠΑΛΑΙΟ ΔΗΜΑΡΧΕΙΟ,Δ.Θυμιανών,POINT (686373.40462696 4242459.249878621)
dc5df4f5-3bd4-44d8-9edd-151f7270f20b.38,39,Δυτικής Ελλάδος,Αχαϊας,152,10.2.260.1,38.27482986,21.76177025,ΧΩΡΟΙ ΕΝΤΟΣ ΤΗΣ ΠΑΝΕΠΙΣΤΗΜΙΟΥΠΟΛΗΣ -ΠΕΡΙΜΕΤΡΙΚΑ ΚΤΙΡΙΟΥ ΔΙΟΙΚΗΣΗΣ ΚΑΙ ΠΡΥΤΑΝΕΙΑΣ - ΧΩΡΟΣ ΣΥΝΑΘΡΟΙΣΗΣ-ΣΥΝΕΔΡΙΑΚΟ ΚΑΙ ΠΟΛΙΤΙΣΤΙΚΟ ΚΕΝΤΡΟ -,Δ.Κάτω Καστριτσίου,POINT (304062.73270719836 4238390.083574847)
dc5df4f5-3bd4-44d8-9edd-151f7270f20b.39,40,Δυτικής Ελλάδος,Αχαϊας,143,10.2.20.1,38.24971008,21.73658371,ΠΛΑΤΕΙΑ ΕΘΝΙΚΗΣ ΑΝΤΙΣΤΑΣΕΩΣ (ΟΛΓΑΣ),Δ.Πατρέων,POINT (301791.0315730049 4235656.241155249)
dc5df4f5-3bd4-44d8-9edd-151f7270f20b.40,41,Δυτικής Ελλάδος,Αχαϊας,176,10.2.124.1,38.25397491,22.08250237,ΚΗΠΟΣ ΠΡΩΗΝ ΕΡΓΟΣΤΑΣΙΟΥ ΧΑΡΤΟΠΟΙΙΑΣ ΑΙΓΙΟΥ-ΛΙΜΕΝΑΣ,Δ.Αιγίου,POINT (332073.213539716 4235445.261751337)
dc5df4f5-3bd4-44d8-9edd-151f7270f20b.41,42,Δυτικής Ελλάδος,Ηλείας,1110,10.6.140.1,37.85886383,21.80333328,ΚΕΝΤΡΙΚΗ ΠΛΑΤΕΙΑ (ΑΓΟΡΑ),Δ.Λαμπείας,POINT (306607.25410060707 4192141.6104343794)
dc5df4f5-3bd4-44d8-9edd-151f7270f20b.42,43,Δυτικής Ελλάδος,Ηλείας,1040,10.6.76.1,37.79496765,21.3462429,"ΕΚΠΑΙΔΕΥΤΙΚΟ ΙΔΡΥΜΑ, ΤΕΙ ΠΑΤΡΩΝ - ΠΑΡΑΡΤΗΜΑ ΑΜΑΛΙΑΔΑΣ",ΤΕΙ Πατρών,POINT (266188.25500981836 4186095.8105921624)
dc5df4f5-3bd4-44d8-9edd-151f7270f20b.43,44,Δυτικής Ελλάδος,Ηλείας,290,10.4.52.1,37.64722824,21.32173729,ΛΙΜΑΝΙ ΚΑΤΑΚΟΛΟΥ,Δ.Κατακόλου,POINT (263561.03463968367 4169761.8621579)
dc5df4f5-3bd4-44d8-9edd-151f7270f20b.44,45,Δυτικής Ελλάδος,Ηλείας,219,10.4.44.1,37.79643631,21.3520565,"ΔΗΜΟΤΙΚΗ ΒΙΒΛΙΟΘΗΚΗ, ΠΛΑΤΕΙΑ ΜΠΕΛΟΓΙΑΝΝΗ",Δ.Αμαλιάδος,POINT (266704.87644799944 4186244.4313131687)
dc5df4f5-3bd4-44d8-9edd-151f7270f20b.45,46,Δυτικής Ελλάδος,Ηλείας,55,10.4.36.1,37.93196487,21.14997482,ΛΙΜΑΝΙ ΚΥΛΛΗΝΗΣ,Δ.Κυλλήνης,POINT (249368.06283332856 4201809.773586141)
dc5df4f5-3bd4-44d8-9edd-151f7270f20b.46,47,Δυτικής Ελλάδος,Αιτωλίας και Ακαρνανίας,1076,10.6.124.1,38.62149048,21.40762138,ΔΗΜΟΤΙΚΟ ΠΑΡΚΟ,Δ.Αγρινίου,POINT (274162.3760104719 4277674.495683532)
dc5df4f5-3bd4-44d8-9edd-151f7270f20b.47,48,Δυτικής Ελλάδος,Αιτωλίας και Ακαρνανίας,272,10.3.116.1,38.61406708,21.52299309,ΚΕΝΤΡΙΚΗ ΠΛΑΤΕΙΑ,Δ.Παραβόλας,POINT (284185.595821597 4276573.273491079)
dc5df4f5-3bd4-44d8-9edd-151f7270f20b.48,49,Δυτικής Ελλάδος,Αιτωλίας και Ακαρνανίας,249,10.3.44.1,38.40933609,21.2766552,ΚΕΝΤΡΙΚΗ ΠΛΑΤΕΙΑ,Δ.Νεοχωρίου Μεσολογγίου,POINT (262061.3490134851 4254457.76459427)
dc5df4f5-3bd4-44d8-9edd-151f7270f20b.49,50,Δυτικής Ελλάδος,Αιτωλίας και Ακαρνανίας,317,10.3.212.1,38.66924286,20.94604874,Final: Κτίριο Πνευματικού Κέντρου Μύτικα-εφαπτόμενη πλατεία,Δ.Μύτικα,POINT (234147.33174073842 4284212.180552264)
dc5df4f5-3bd4-44d8-9edd-151f7270f20b.50,51,Δυτικής Ελλάδος,Αιτωλίας και Ακαρνανίας,179,10.2.140.1,38.36837769,21.43299294,ΚΕΝΤΡΙΚΗ ΠΛΑΤΕΙΑ,Δ.Μεσολογγίου,POINT (275587.59349758603 4249520.218144217)
dc5df4f5-3bd4-44d8-9edd-151f7270f20b.51,52,Δυτικής Μακεδονίας,Καστοριάς,195,10.2.204.1,40.50141525,21.24727058,ΚΕΝΤΡΙΚΟ ΠΑΡΚΟ - ΠΛΑΤΕΙΑ ΤΩΝ ΜΑΝΙΑΚΩΝ,Δ.Μανιάκων,POINT (266590.1779912958 4486766.087772493)
dc5df4f5-3bd4-44d8-9edd-151f7270f20b.52,53,Δυτικής Μακεδονίας,Καστοριάς,173,10.2.100.1,40.52122498,21.2618866,Πάρκο Ολυμπιακής Φλόγας.,Δ.Καστοριάς,POINT (267897.10196388565 4488926.796315017)
dc5df4f5-3bd4-44d8-9edd-151f7270f20b.53,54,Δυτικής Μακεδονίας,Καστοριάς,254,10.3.68.1,40.41484833,21.38053894,ΚΕΝΤΡΙΚΗ ΠΛΑΤΕΙΑ,Δ.Βογατσικού,POINT (277598.94473711686 4476811.541777462)
dc5df4f5-3bd4-44d8-9edd-151f7270f20b.54,55,Δυτικής Μακεδονίας,Καστοριάς,77,10.1.188.1,40.62338638,21.20398712,ΣΧΟΛΙΚΟ ΣΥΓΚΡΟΤΗΜΑ Ν. ΟΙΚΙΣΜΟΥ ΚΟΡΕΣΤΕΙΩΝ-Ν. ΟΙΚΙΣΜΟΣ ΚΟΡΕΣΤΕΙΩΝ,Δ.Γάβρου,POINT (263351.95142150804 4500423.0453318)
dc5df4f5-3bd4-44d8-9edd-151f7270f20b.55,56,Δυτικής Μακεδονίας,Καστοριάς,1020,10.6.52.1,40.50495529,21.37613297,ΚΕΝΤΡΙΚΗ ΠΛΑΤΕΙΑ Δ. ΚΟΡΗΣΟΥ,Δ.Αγίων Αναργύρων,POINT (277522.58558610256 4486826.320313135)
dc5df4f5-3bd4-44d8-9edd-151f7270f20b.56,57,Δυτικής Μακεδονίας,Καστοριάς,1111,10.7.204.1,40.22241211,21.02241898,Πνευματικό Κέντρο,Κ.Αρρένων,POINT (246490.69348422534 4456410.02296421)
dc5df4f5-3bd4-44d8-9edd-151f7270f20b.57,58,Δυτικής Μακεδονίας,Καστοριάς,1105,10.7.124.1,40.41715622,21.05754662,Βιβλιοθήκη,Δ.Νεστορίου,POINT (250199.11466559867 4477931.032966047)
dc5df4f5-3bd4-44d8-9edd-151f7270f20b.58,59,Δυτικής Μακεδονίας,Κοζάνης,73,10.1.172.1,40.18505859,21.99907494,ΠΛΑΤΕΙΑ ΕΛΕΥΘΕΡΙΑΣ-ΔΗΜΑΡΧΕΙΟ,Δ.Σερβίων,POINT (329506.97929343034 4449930.333504887)
dc5df4f5-3bd4-44d8-9edd-151f7270f20b.59,60,Δυτικής Μακεδονίας,Κοζάνης,248,10.3.36.1,40.51302338,21.67985535,ΚΕΝΤΡΙΚΗ ΠΛΑΤΕΙΑ ΠΟΛΗΣ.,Δ.Πτολεμαΐδος,POINT (303283.8532782779 4487000.216392008)
dc5df4f5-3bd4-44d8-9edd-151f7270f20b.60,61,Δυτικής Μακεδονίας,Κοζάνης,158,10.2.68.1,40.31305695,21.38690376,ΚΤΙΡΙΟ ΠΑΛΙΟΥ ΔΗΜΑΡΧΕΙΟΥ ΝΕΑΠΟΛΗΣ- ΠΛΑΤΕΙΑ ΤΡΙΓΩΝΟΥ,Δ.Νεάπολης,POINT (277805.11827229196 4465495.040169071)
dc5df4f5-3bd4-44d8-9edd-151f7270f20b.61,62,Δυτικής Μακεδονίας,Κοζάνης,11,10.1.52.1,40.25492096,22.07416153,ΠΛΑΤΕΙΑ ΕΛΕΥΘΕΡΙΑΣ-ΚΕΝΤΡΙΚΗ ΠΛΑΤΕΙΑ ΒΕΛΒΕΝΤΟΥ,Δ.Βελβεντού,POINT (336068.05365075765 4457544.20372)
dc5df4f5-3bd4-44d8-9edd-151f7270f20b.62,63,Δυτικής Μακεδονίας,Κοζάνης,156,10.2.60.1,40.49279022,21.56996918,ΠΛΑΤΕΙΑ ΗΡΩΩΝ,Δ.Αναρράχης,POINT (293911.2377252889 4485004.6812237995)
dc5df4f5-3bd4-44d8-9edd-151f7270f20b.63,64,Ηπείρου,Ιωαννίνων,299,10.5.92.1,39.69350815,20.82402229,ΚΡΑΤΙΚΟΣ ΑΕΡΟΛΙΜΕΝΑΣ ΙΩΑΝΝΙΝΩΝ,Δ.Περάμα,POINT (227514.10536438043 4398276.856486649)
dc5df4f5-3bd4-44d8-9edd-151f7270f20b.64,65,Ηπείρου,Ιωαννίνων,206,10.5.84.1,39.66429138,20.85335541,ΠΛΑΤΕΙΑ ΠΥΡΡΟΥ,Δ.Ιωαννιτών,POINT (229915.97562867074 4394944.465701991)
dc5df4f5-3bd4-44d8-9edd-151f7270f20b.65,66,Ηπείρου,¶ρτης,1008,10.6.28.1,39.13392258,21.06285095,"ΚΕΝΤΡΙΚΗ ΠΛΑΤΕΙΑ ΝΙΚΟΛΑΟΥ ΣΚΟΥΦΑ, ΠΛΑΤΕΙΑ ΚΑΠΕΤΑΝΙΟΥ, ΠΛΑΤΕΙΑ ΛΕΥΚΑΣ",Δ.Κομποτίου,POINT (245973.35136928907 4335459.71751022)
dc5df4f5-3bd4-44d8-9edd-151f7270f20b.66,67,Θεσσαλίας,Καρδίτσης,70,10.5.60.1,39.36224747,21.92175674,ΠΛΑΤΕΙΑ ΚΑΙ ΑΙΘΡΙΟΣ ΧΩΡΟΣ ΔΗΜΟΤΙΚΗΣ ΑΓΟΡΑΣ,Δ.Καρδίτσης,POINT (320804.1319824014 4358749.71818896)
dc5df4f5-3bd4-44d8-9edd-151f7270f20b.67,68,Θεσσαλίας,Καρδίτσης,89,10.5.68.1,39.06412125,21.97887039,Κεντρική Πλατεία,Δ.Ρεντίνας,POINT (324986.87051249633 4325549.072400641)
dc5df4f5-3bd4-44d8-9edd-151f7270f20b.68,69,Θεσσαλίας,Καρδίτσης,224,10.5.76.1,39.33625031,22.09296227,"ΤΡΙΓΩΝΗ Πλατεία, ΑΓ. ΠΑΡΑΣΚΕΥΗΣ ΚΑΙ ΠΕΖΟΔΡΟΜΟΣ 28ΗΣ ΟΚΤΩΒΡΙΟΥ",Δ.Σοφάδων,POINT (335494.04994318646 4355538.675806429)
dc5df4f5-3bd4-44d8-9edd-151f7270f20b.69,70,Θεσσαλίας,Λαρίσης,26,10.5.12.1,39.74273682,22.29255295,Κεντρική Πλατεία Νικ. Εμμανουήλ-ΔΗΜΑΡΧΕΙΟ,Δ.Τυρνάβου,POINT (353552.7971098263 4400311.077372123)
dc5df4f5-3bd4-44d8-9edd-151f7270f20b.70,71,Θεσσαλίας,Μαγνησίας,1142,10.6.180.1,39.17758179,23.24681282,ΚΕΝΤΡΙΚΗ ΠΛΑΤΕΙΑ ΛΑΥΚΟΥ,Δ.Σηπιάδος,POINT (434793.23098219093 4336466.279524589)
dc5df4f5-3bd4-44d8-9edd-151f7270f20b.71,72,Θεσσαλίας,Μαγνησίας,1070,10.6.116.1,39.0525856,22.9531002,ΚΕΝΤΡΙΚΗ ΠΛΑΤΕΙΑ ΠΤΕΛΕΟΥ,Δ.Πτελέου,POINT (409263.09360156854 4322846.165512893)
dc5df4f5-3bd4-44d8-9edd-151f7270f20b.72,73,Θεσσαλίας,Μαγνησίας,111,10.5.20.1,39.37989807,23.18125153,ΠΛΑΤΕΙΑ ΑΓΙΑΣ ΠΑΡΑΣΚΕΥΗΣ,Δ.Τσαγκαράδας,POINT (429333.3325903644 4358968.279104603)
dc5df4f5-3bd4-44d8-9edd-151f7270f20b.73,74,Θεσσαλίας,Μαγνησίας,324,10.3.228.1,39.17655563,23.50489998,ΚΡΑΤΙΚΟΣ ΑΕΡΟΛΙΜΕΝΑΣ ΣΚΙΑΘΟΥ,Δ.Σκιάθου,POINT (457085.316513614 4336198.86173763)
dc5df4f5-3bd4-44d8-9edd-151f7270f20b.74,75,Θεσσαλίας,Μαγνησίας,274,10.5.36.1,39.27928162,22.81703568,ΠΛΑΤΕΙΑ ΝΕΑΣ ΑΓΧΙΑΛΟΥ,Δ.Νέας Αγχιάλου,POINT (397817.25333761657 4348149.354113948)
dc5df4f5-3bd4-44d8-9edd-151f7270f20b.75,76,Θεσσαλίας,Μαγνησίας,315,10.5.44.1,39.21899796,22.79625702,ΚΡΑΤΙΚΟΣ ΑΕΡΟΛΙΜΕΝΑΣ Ν.ΑΓΧΙΑΛΟΥ,Δ.Κροκίου,POINT (395936.12405362836 4341482.643218041)
dc5df4f5-3bd4-44d8-9edd-151f7270f20b.76,77,Θεσσαλίας,Μαγνησίας,262,10.5.28.1,39.35891342,22.94451523,ΚΕΝΤΡΙΚΞ ΠΡΟΒΛΗΤΑ-ΚΕΝΤΡΙΚΗ ΠΑΡΑΛΙΑ ΟΔΟΥ ΑΡΓΟΝΑΥΤΩΝ,Δ.Βόλου,POINT (408916.079230691 4356850.900759358)
dc5df4f5-3bd4-44d8-9edd-151f7270f20b.77,78,Θεσσαλίας,Μαγνησίας,1100,10.7.212.1,39.57159805,22.91029167,Πάρκο,Κ.Κεραμιδίου,POINT (406252.9635517828 4380490.746680113)
dc5df4f5-3bd4-44d8-9edd-151f7270f20b.78,79,Θεσσαλίας,Μαγνησίας,1017,10.7.220.1,39.40203476,22.98694992,Πλατεία,Κ.Μακρινίτσας,POINT (412625.8257336572 4361594.586669972)
dc5df4f5-3bd4-44d8-9edd-151f7270f20b.79,80,Θεσσαλίας,Τρικάλων,193,10.2.188.1,39.45906067,21.62358856,Κεντρική πλατεία κτιρίου Δημαρχείου,Δ.Πύλης,POINT (295396.4582910406 4370129.302661686)
dc5df4f5-3bd4-44d8-9edd-151f7270f20b.80,81,Θεσσαλίας,Τρικάλων,74,10.1.180.1,39.59182358,22.06960869,ΚΕΝΤΡΙΚΗ ΠΛΑΤΕΙΑ,Δ.Φαρκαδόνος,POINT (334088.91318463965 4383948.422897235)
dc5df4f5-3bd4-44d8-9edd-151f7270f20b.81,82,Θεσσαλίας,Τρικάλων,180,10.2.148.1,39.60641098,21.98147583,ΚΕΝΤΡΙΚΗ ΠΛΑΤΕΙΑ,Δ.Οιχαλίας (Νεοχωρίου),POINT (326556.7753466313 4385733.597507861)
dc5df4f5-3bd4-44d8-9edd-151f7270f20b.82,83,Θεσσαλίας,Τρικάλων,1072,10.7.28.1,39.46391296,21.69336319,Πλατεία,Δ.Γομφών,POINT (301413.9136077817 4370511.968436482)
dc5df4f5-3bd4-44d8-9edd-151f7270f20b.83,84,Ιονίων Νήσων,Ζακύνθου,1127,10.6.172.1,37.71516037,20.8637886,ΜΑΡΙΝΑ,Δ.Λαγανά,POINT (223401.4326855586 4178555.1196744083)
dc5df4f5-3bd4-44d8-9edd-151f7270f20b.84,85,Ιονίων Νήσων,Ζακύνθου,1006,10.6.20.1,37.81066513,20.84389687,ΚΕΝΤΡΙΚΗ ΠΛΑΤΕΙΑ Δ. ΣΑΡΑΚΙΝΑΔΟΥ,Δ.Αρκαδίων,POINT (222005.5600431772 4189214.0196381006)
dc5df4f5-3bd4-44d8-9edd-151f7270f20b.85,86,Ιονίων Νήσων,Ζακύνθου,40,10.1.108.1,37.84091949,20.77025223,ΠΛΑΤΕΙΑ ΜΠΟΡΙΑ ΠΕΡΙΟΧΗΣ ΑΛΥΚΩΝ,Δ.Κατασταρίου,POINT (215636.7358248165 4192793.651167596)
dc5df4f5-3bd4-44d8-9edd-151f7270f20b.86,87,Ιονίων Νήσων,Ζακύνθου,296,10.3.172.1,37.75056076,20.88558388,ΚΡΑΤΙΚΟΣ ΑΕΡΟΛΙΜΕΝΑΣ ΖΑΚΥΝΘΟΥ,Δ.Ζακυνθίων,POINT (225453.99057050477 4182419.8420979506)
dc5df4f5-3bd4-44d8-9edd-151f7270f20b.87,88,Ιονίων Νήσων,Κέρκυρας,234,10.2.244.1,39.62688828,19.91318893,ΕΠΙΒΑΤΙΚΟ ΛΙΜΑΝΙ ΚΕΡΚΥΡΑΣ,Δ.Κερκυραίων,POINT (149052.0165765261 4394046.134817797)
dc5df4f5-3bd4-44d8-9edd-151f7270f20b.88,89,Ιονίων Νήσων,Κέρκυρας,1113,10.7.132.1,39.6720047,19.70337677,Λιμάνι,Δ.Παλαιοκαστριτών,POINT (131276.3662402038 4399898.078780897)
dc5df4f5-3bd4-44d8-9edd-151f7270f20b.89,90,Ιονίων Νήσων,Κεφαλληνίας,90,10.1.220.1,38.30261993,20.59987259,ΛΙΜΑΝΙ/ΜΑΡΙΝΑ ΑΓΙΑΣ ΕΥΦΗΜΙΑΣ - ΠΥΛΑΡΟΣ,Δ.Αγίας Ευφημίας,POINT (202516.88449504992 4244576.137059103)
dc5df4f5-3bd4-44d8-9edd-151f7270f20b.90,91,Ιονίων Νήσων,Κεφαλληνίας,258,10.3.76.1,38.17932129,20.48803329,Πλατεία Βαλλιάνου,Δ.Αργοστολίου,POINT (192214.04682125896 4231255.080964222)
dc5df4f5-3bd4-44d8-9edd-151f7270f20b.91,92,Κεντρικής Μακεδονίας,Ημαθίας,24,10.1.76.1,40.64393616,22.53359032,ΠΛΑΤΕΙΑ ΜΑΚΕΔΟΝΙΑΣ - ΣΙΔΗΡΟΔΡΟΜΙΚΟΣ ΣΤΑΘΜΟΣ ΠΛΑΤΕΟΣ,Δ.Πλατέος,POINT (375858.9500762032 4499979.160728458)
dc5df4f5-3bd4-44d8-9edd-151f7270f20b.92,93,Κεντρικής Μακεδονίας,Ημαθίας,78,10.1.196.1,40.62775421,22.43367004,ΠΛΑΤΕΙΑ ΟΣΕ - ΠΛΑΤΕΙΑ  ΕΛΕΥΘΕΡΙΑΣ -ΠΛΑΤΕΙΑ ΠΝΕΥΜΑΤΙΚΟΥ ΠΟΛΙΤΙΣΤΙΚΟΥ ΚΕΝΤΡΟΥ,Δ.Αλεξανδρείας,POINT (367377.82879252493 4498328.7470134115)
dc5df4f5-3bd4-44d8-9edd-151f7270f20b.93,94,Κεντρικής Μακεδονίας,Ημαθίας,1027,10.7.108.1,40.35006332,22.20950508,Πλατεία,Δ.Μακεδονίδος,POINT (347792.6348476376 4467864.200178909)
dc5df4f5-3bd4-44d8-9edd-151f7270f20b.94,95,Κεντρικής Μακεδονίας,Θεσσαλόνίκης,46,10.1.124.1,40.73112488,22.91823959,ΚΕΝΤΡΙΚΗ ΑΓΟΡΑ,Δ.Ωραιοκάστρου,POINT (408502.5881470585 4509186.741340464)
dc5df4f5-3bd4-44d8-9edd-151f7270f20b.95,96,Κεντρικής Μακεδονίας,Θεσσαλόνίκης,154,10.2.44.1,40.62757874,22.73347092,ΠΛΑΤΕΙΑ ΕΛΕΥΘΕΡΙΑΣ,Δ.Χαλάστρας,POINT (392734.09221678274 4497900.909235964)
dc5df4f5-3bd4-44d8-9edd-151f7270f20b.96,97,Κεντρικής Μακεδονίας,Θεσσαλόνίκης,23,10.4.148.1,40.64365387,22.9487133,Πολιτιστική Γειτονία Δήμου-Πάρκο Ελπίδος,Δ.Συκεών,POINT (410959.7417423969 4499445.511845981)
dc5df4f5-3bd4-44d8-9edd-151f7270f20b.97,98,Κεντρικής Μακεδονίας,Θεσσαλόνίκης,44,10.4.156.1,40.67358017,22.92969704,ΠΛΑΤΕΙΑ ΕΛΕΥΘΕΡΙΑΣ ΑΝΩ ΗΛΙΟΥΠΟΛΗ,Δ.Σταυρουπόλεως Θεσσαλονίκης,POINT (409392.3327383847 4502786.804462536)
dc5df4f5-3bd4-44d8-9edd-151f7270f20b.98,99,Κεντρικής Μακεδονίας,Θεσσαλόνίκης,251,10.3.60.1,40.66656494,22.95126534,ΠΛΑΤΕΙΑ ΔΑΒΑΚΗ (ΑΓΙΟΥ ΓΕΩΡΓΙΟΥ),Δ.Σοχού,POINT (411205.83063155826 4501986.237621407)
dc5df4f5-3bd4-44d8-9edd-151f7270f20b.99,100,Κεντρικής Μακεδονίας,Θεσσαλόνίκης,194,10.2.196.1,40.88385391,23.22842979,ΑΥΛΕΙΟΣ ΧΩΡΟΣ - ΔΗΜΑΡΧΕΙΟΥ ΤΟΥ ΔΗΜΟΥ ΒΕΡΤΙΣΚΟΥ,Δ.Όσσης,POINT (434845.6056070084 4525864.247014945)
dc5df4f5-3bd4-44d8-9edd-151f7270f20b.100,101,Κεντρικής Μακεδονίας,Θεσσαλόνίκης,242,10.3.20.1,40.4638176,22.85863113,ΠΛΑΤΕΙΑ ΕΘΝΙΚΗΣ ΑΝΤΙΣΤΑΣΗΣ,Δ.Νέας Μηχανιώνας,POINT (403084.211739 4479577.919792286)
dc5df4f5-3bd4-44d8-9edd-151f7270f20b.101,102,Κεντρικής Μακεδονίας,Θεσσαλόνίκης,255,10.4.172.1,40.65507889,22.94691086,Δημοτική Βιβλιοθήκη-πάρκο Στρεμπενιώτη-Δημοτική πισίνα,Δ.Νεαπόλεως Θεσσαλονίκης,POINT (410822.47121123254 4500715.790014742)
dc5df4f5-3bd4-44d8-9edd-151f7270f20b.102,103,Κεντρικής Μακεδονίας,Θεσσαλόνίκης,22,10.4.140.1,40.65724564,22.91008377,ΠΛΑΤΕΙΑ ΤΣΟΜΠΑΝΟΓΛΟΥ - ΚΕΠ - ΚΤΕΛ,Δ.Μενεμένης,POINT (407712.1065718508 4500994.017066612)
dc5df4f5-3bd4-44d8-9edd-151f7270f20b.103,104,Κεντρικής Μακεδονίας,Θεσσαλόνίκης,2,10.1.28.1,40.58278275,22.95147896,ΚΕΝΤΡΙΚΗ ΠΛΑΤΕΙΑ- ΠΕΖΟΔΡΟΜΟ ΤΗΣ ΟΔΟΥ ΚΟΜΝΗΝΩΝ-ΠΑΡΑΔΟΣΙΑΚΟ ΕΜΠΡΟΡΙΚΟ ΚΕΝΤΡΟ ΚΑΛΑΜΑΡΙΑΣ,Δ.Καλαμαριάς,POINT (411113.17483107944 4492685.689341405)
dc5df4f5-3bd4-44d8-9edd-151f7270f20b.104,105,Κεντρικής Μακεδονίας,Θεσσαλόνίκης,225,10.4.164.1,40.65385056,22.92323494,ΠΑΡΚΟ ΦΙΛΙΠΠΟΥ- ΠΑΡΚΟ ΑΝΑΨΥΧΗΣ,Δ.Αμπελοκήπων,POINT (408819.264707058 4500603.629130042)
dc5df4f5-3bd4-44d8-9edd-151f7270f20b.105,106,Κεντρικής Μακεδονίας,Θεσσαλόνίκης,1136,10.7.44.1,40.66865921,22.8093071,Πλατεία,Δ.Εχέδωρου,POINT (399209.71670890145 4502371.407772251)
dc5df4f5-3bd4-44d8-9edd-151f7270f20b.106,107,Κεντρικής Μακεδονίας,Θεσσαλόνίκης,1129,10.7.52.1,40.42823029,22.92905426,Πλατεία,Δ.Επανομής,POINT (409006.9425250611 4475552.712446751)
dc5df4f5-3bd4-44d8-9edd-151f7270f20b.107,108,Κεντρικής Μακεδονίας,Θεσσαλόνίκης,1131,10.7.4.1,40.63771057,22.96459007,Αρχαιολογικός χώρος,Δ.Αγίου Παύλου,POINT (412294.5430604482 4498769.695195241)
dc5df4f5-3bd4-44d8-9edd-151f7270f20b.108,109,Κεντρικής Μακεδονίας,Χαλκιδικής,1144,10.6.196.1,40.31388474,23.0635643,ΚΕΝΤΡΙΚΟΣ ΔΡΟΜΟΣ,Δ.Καλλικράτειας,POINT (420282.6192973185 4462730.729485482)
dc5df4f5-3bd4-44d8-9edd-151f7270f20b.109,110,Κεντρικής Μακεδονίας,Χαλκιδικής,1124,10.6.164.1,40.40045547,23.88129425,ΠΑΡΑΛΙΑ ΙΕΡΙΣΣΟΥ,Ακάνθου,POINT (489777.1856307772 4471926.0107137775)
dc5df4f5-3bd4-44d8-9edd-151f7270f20b.110,111,Κεντρικής Μακεδονίας,Χαλκιδικής,1137,10.7.60.1,40.5009346,23.4512825,Πλατεία,Δ.Ζερβοχωρίων,POINT (453355.74191825744 4483216.8611151185)
dc5df4f5-3bd4-44d8-9edd-151f7270f20b.111,112,Κεντρικής Μακεδονίας,Κιλκίς,328,10.4.84.1,41.00951004,22.6617794,ΚΤΙΡΙΟ ΔΗΜΟΥ ΠΟΛΥΚΑΣΤΡΟΥ-ΚΕΝΤΡΙΚΗ ΠΛΑΤΕΙΑ-ΚΕΝΤΡΟ ΠΟΛΙΤΙΣΜΟΥ,Δ.Πολυκάστρου,POINT (387318.0252208165 4540389.355257686)
dc5df4f5-3bd4-44d8-9edd-151f7270f20b.112,113,Κεντρικής Μακεδονίας,Κιλκίς,220,10.4.76.1,40.99448776,22.87804794,ΠΛΑΤΕΙΑ ΔΗΜΑΡΧΕΙΟΥ,Δ.Κιλκίς,POINT (405483.0991425786 4538465.375331598)
dc5df4f5-3bd4-44d8-9edd-151f7270f20b.113,114,Κεντρικής Μακεδονίας,Κιλκίς,209,10.4.68.1,40.98615265,22.53856277,ΜΟΥΣΕΙΟ ΦΥΣΙΚΗΣ ΙΣΤΟΡΙΑΣ,Δ.Αξιουπόλεως,POINT (376912.83718687354 4537962.598321608)
dc5df4f5-3bd4-44d8-9edd-151f7270f20b.114,115,Κεντρικής Μακεδονίας,Κιλκίς,96,10.4.60.1,40.89710236,22.55340767,ΚΕΝΤΡΙΚΗ ΠΛΑΤΕΙΑ (ΠΑΡΚΟ),Δ.Ευρωπού,POINT (377998.09620200447 4528055.748225971)
dc5df4f5-3bd4-44d8-9edd-151f7270f20b.115,116,Κεντρικής Μακεδονίας,Πέλλης,1035,10.6.68.1,40.79301834,22.41174507,ΠΛΑΤΕΙΑ ΑΝΔΡΕΑ ΠΑΠΑΝΔΡΕΟΥ,Δ.Γιαννιτσών,POINT (365855.2677464423 4516708.067316032)
dc5df4f5-3bd4-44d8-9edd-151f7270f20b.116,117,Κεντρικής Μακεδονίας,Πέλλης,137,10.4.124.1,40.97547913,22.06175041,ΚΕΝΤΡΙΚΗ ΠΛΑΤΕΙΑ ΣΕΤΣΚΟΥ(ΠΡΩΗΝ ΕΛΕΥΘΕΡΙΑΣ),Δ.Αριδαίας,POINT (336774.7469582327 4537558.324224816)
dc5df4f5-3bd4-44d8-9edd-151f7270f20b.117,118,Κεντρικής Μακεδονίας,Πέλλης,237,10.4.132.1,40.81904602,22.17665482,Πεζόδρομος και κεντρική πλατεία οικισμού,Δ.Καλής,POINT (346080.6908975085 4519983.346476612)
dc5df4f5-3bd4-44d8-9edd-151f7270f20b.118,119,Κεντρικής Μακεδονίας,Πέλλης,27,10.4.116.1,40.68643188,22.30249214,ΚΕΝΤΡΙΚΗ ΠΛΑΤΕΙΑ-ΔΗΜΑΡΧΕΙΟ),Δ.Κρύας Βρύσης,POINT (356408.8202357116 4505048.444804358)
dc5df4f5-3bd4-44d8-9edd-151f7270f20b.119,120,Κεντρικής Μακεδονίας,Πέλλης,1097,10.7.140.1,40.75935745,22.52714348,Πλατεία,Δ.Πέλλας,POINT (375528.6386681133 4512801.470974803)
dc5df4f5-3bd4-44d8-9edd-151f7270f20b.120,121,Κεντρικής Μακεδονίας,Πιερίας,35,10.4.180.1,40.18091202,22.33053398,ΚΕΝΤΡΙΚΗ ΠΛΑΤΕΙΑ,Δ.Λόφου,POINT (357717.7374625692 4448886.534578984)
dc5df4f5-3bd4-44d8-9edd-151f7270f20b.121,122,Κεντρικής Μακεδονίας,Πιερίας,213,10.4.188.1,40.27243423,22.50818443,ΠΛΑΤΕΙΑ ΕΛΕΥΘΕΡΙΑΣ,Δ.Κατερίνης,POINT (373013.69696625083 4458776.495125349)
dc5df4f5-3bd4-44d8-9edd-151f7270f20b.122,123,Κεντρικής Μακεδονίας,Πιερίας,29,10.4.196.1,40.26763535,22.59972572,ΚΕΝΤΡΙΚΗ ΠΛΑΤΕΙΑ,Δ.Παραλίας,POINT (380788.5456974674 4458116.97448874)
dc5df4f5-3bd4-44d8-9edd-151f7270f20b.123,124,Κεντρικής Μακεδονίας,Πιερίας,1037,10.7.76.1,40.31651688,22.57720566,Πλατεία,Δ.Κορίνου,POINT (378960.81867163366 4463573.18946589)
dc5df4f5-3bd4-44d8-9edd-151f7270f20b.124,125,Κεντρικής Μακεδονίας,Σερρών,269,10.4.100.1,41.23543549,23.39034653,ΠΛΑΤΕΙΑ ΕΛΕΥΘΕΡΙΑΣ,Δ.Σιδηροκάστρου,POINT (448760.03070186777 4564786.890588605)
dc5df4f5-3bd4-44d8-9edd-151f7270f20b.125,126,Κεντρικής Μακεδονίας,Σερρών,228,10.4.92.1,41.09119034,23.54977036,Πλατεία Ελευθερίας,Δ.Σερρών,POINT (462037.2695260437 4548692.2066656165)
dc5df4f5-3bd4-44d8-9edd-151f7270f20b.126,127,Κεντρικής Μακεδονίας,Σερρών,270,10.4.108.1,40.9080658,23.50039291,Κεντρική πλατεία-Μπουγατσοπούλου,Δ.Νιγρίτης,POINT (457774.0725665403 4528385.7348427)
dc5df4f5-3bd4-44d8-9edd-151f7270f20b.127,128,Κρήτης,Ηρακλείου,57,10.1.164.1,35.2960434,25.0165596,ΚΕΝΤΡΙΚΗ ΠΛΑΤΕΙΑ (ΠΕΡΔΙΚΑΡΗ),Δ.Τυλίσου,POINT (592279.7072513112 3906058.7847015397)
dc5df4f5-3bd4-44d8-9edd-151f7270f20b.128,129,Κρήτης,Ηρακλείου,171,10.2.92.1,35.34342194,25.13029099,Νέο Κτιριακό Συγκρότημα Δήμου-Δημοτική καφετέρια,Δ.Ηρακλείου (Σοφ. Βενιζέλου),POINT (602561.0744226404 3911425.434815339)
dc5df4f5-3bd4-44d8-9edd-151f7270f20b.129,130,Κρήτης,Ηρακλείου,207,10.2.212.1,35.34197998,25.1478672,ΕΠΙΒΑΤΙΚΟ ΛΙΜΑΝΙ,Δ.Ηρακλείου (Λιμάνι),POINT (604160.2547368875 3911283.9345807815)
dc5df4f5-3bd4-44d8-9edd-151f7270f20b.130,131,Κρήτης,Ηρακλείου,316,10.3.204.1,35.04157257,25.44552994,Πλατεία Οικισμού - Λιμάνι,Δ.Αμιρά,POINT (631695.8835535449 3878319.307710053)
dc5df4f5-3bd4-44d8-9edd-151f7270f20b.131,132,Κρήτης,Ηρακλείου,276,10.3.124.1,35.32891083,25.28818703,ΠΡΩΗΝ ΑΜΕΡΙΚΑΝΙΚΗ ΒΑΣΗ ΓΟΥΡΝΩΝ-ΛΙΜΕΝΑΣ (ΜΑΡΙΝΑ)-ΠΑΡΚΟΥ,Δ.Ανωπόλεως,POINT (616930.919871144 3909991.008158754)
dc5df4f5-3bd4-44d8-9edd-151f7270f20b.132,133,Κρήτης,Λασιθίου,1146,10.6.204.1,35.17380905,26.24170303,ΠΛΑΤΕΙΑ ΟΙΚΙΣΜΟΥ ΠΑΛΑΙΚΑΣΤΡΟΥ,Δ.Ιτάνου,POINT (703994.2916757589 3894329.930756637)
dc5df4f5-3bd4-44d8-9edd-151f7270f20b.133,134,Αττικής,Αθηνών,178,10.1.4.1,37.9790535,23.71567726,"Πλατεία-πάρκο Γκάζι, Πλατεία Σταθμού Μετρό Κεραμεικός, Πάρκο Τεχνόπολις",Δ.Αθηναίων,POINT (474880.35612150986 4203240.975574321)
dc5df4f5-3bd4-44d8-9edd-151f7270f20b.134,135,Αττικής,Αθηνών,183,10.2.156.1,37.98966599,23.65867805,Πλατεία Παναγίας Ελεούσας,Δ.Αγίας Βαρβάρας,POINT (469878.889807071 4204435.570734535)
dc5df4f5-3bd4-44d8-9edd-151f7270f20b.135,136,Αττικής,Αθηνών,49,10.4.12.1,38.01237488,23.82217979,Κεντρική πλατεία Αγίας Παρασκευής,Δ.Αγίας Παρασκευής,POINT (484240.84352403 4206915.083224929)
dc5df4f5-3bd4-44d8-9edd-151f7270f20b.136,137,Αττικής,Αθηνών,148,10.2.36.1,37.911026,23.71304703,Παραλιακή ζώνη μήκους 1700m πού  εκτείνεται από την Μαρίνα Αλίμου έως την πλαζ «Ακτή του Ήλιου»,Δ.Αλίμου,POINT (474626.1754680019 4195694.204260675)
dc5df4f5-3bd4-44d8-9edd-151f7270f20b.137,138,Αττικής,Αθηνών,58,10.4.20.1,38.05612946,23.8058033,Κεντρική Πλατεία Αμαρουσίου (Περιοχή Σταθμού ΗΣΑΠ),Δ.Αμαρουσίου,POINT (482813.4423584525 4211772.856939704)
dc5df4f5-3bd4-44d8-9edd-151f7270f20b.138,139,Αττικής,Αθηνών,54,10.1.156.1,38.0465126,23.83902359,Πάρκο Μαρία Κάλλας,Δ.Βριλησσίων,POINT (485726.0593433141 4210700.248055614)
dc5df4f5-3bd4-44d8-9edd-151f7270f20b.139,140,Αττικής,Αθηνών,243,10.3.28.1,38.01178741,23.75582695,Κεντρική πλατεία Γαλατσίου,Δ.Γαλατσίου,POINT (478416.01715385454 4206863.26014335)
dc5df4f5-3bd4-44d8-9edd-151f7270f20b.140,141,Αττικής,Αθηνών,192,10.2.180.1,37.9781189,23.77208328,Πλατεία Γαρδένια,Δ.Ζωγράφου,POINT (479833.94354614994 4203123.921591045)
dc5df4f5-3bd4-44d8-9edd-151f7270f20b.141,142,Αττικής,Αθηνών,175,10.2.116.1,37.95065308,23.73563385,Κεντρική πλατεία Δάφνης (Σταθμός Μετρό Δάφνης),Δ.Δάφνης,POINT (476624.1751718578 4200084.916931781)
dc5df4f5-3bd4-44d8-9edd-151f7270f20b.142,143,Αττικής,Αθηνών,189,10.1.20.1,38.04096985,23.69797707,Πλατεία ?ΓΕΝΝΗΜΑΤΑ? - Κεντρική πλατεία του Δήμου Ιλίου,Δ.Ιλίου (Νέων Λιοσίων),POINT (473348.30123496236 4210115.852201974)
dc5df4f5-3bd4-44d8-9edd-151f7270f20b.143,144,Κρήτης,Λασιθίου,161,10.2.76.1,35.20744324,26.10659409,ΓΡΑΦΕΙΟ ΠΛΗΡΟΦΟΡΙΩΝ ΔΗΜΟΥ-ΚΕΝΤΡΙΚΗ ΠΛΑΤΕΙΑ ΠΟΛΗΣ,Δ.Σητείας,POINT (691609.3335632911 3897791.9279932017)
dc5df4f5-3bd4-44d8-9edd-151f7270f20b.144,145,Κρήτης,Λασιθίου,280,10.3.148.1,35.25572586,25.60725403,Κεντρική  πλατεία,Δ.Νεαπόλεως Λασιθίου,POINT (646064.2142046092 3902297.58992226)
dc5df4f5-3bd4-44d8-9edd-151f7270f20b.145,146,Κρήτης,Ρεθύμνης,174,10.2.108.1,35.36903,24.47007179,Πλατεία Ηρώων Πολυτεχνείου,Δ.Ρεθύμνης (Πλ. Ηρώων Πολυτεχνείου),POINT (542552.0548502782 3913780.730020036)
dc5df4f5-3bd4-44d8-9edd-151f7270f20b.146,147,Κρήτης,Ρεθύμνης,277,10.3.132.1,35.36629868,24.47252464,Ιστορικό κέντρο,Δ.Ρεθύμνης (Ιστορικό Κέντρο),POINT (542776.3007728918 3913478.9327333993)
dc5df4f5-3bd4-44d8-9edd-151f7270f20b.147,148,Κρήτης,Ρεθύμνης,1200,10.7.188.1,35.21607208,24.3938961,Πλατεία,Δ.Φοίνικα,POINT (535699.6479769608 3896786.992129195)
dc5df4f5-3bd4-44d8-9edd-151f7270f20b.148,149,Κρήτης,Χανίων,42,10.1.116.1,35.51813507,24.02329445,ΕΝΕΤΙΚΟ ΛΙΜΑΝΙ ΧΑΝΙΩΝ KAI ΠΕΡΙΟΧΗ ΚΟΥΜ ΚΑΠΙ,Δ.Χανίων,POINT (501962.6599461537 3930215.958139557)
dc5df4f5-3bd4-44d8-9edd-151f7270f20b.149,150,Κρήτης,Χανίων,326,10.3.244.1,35.53399277,24.14574623,ΚΡΑΤΙΚΟΣ ΑΕΡΟΛΙΜΕΝΑΣ ΧΑΝΙΩΝ,Δ.Μουζουρά,POINT (513063.10680240387 3931984.010195287)
dc5df4f5-3bd4-44d8-9edd-151f7270f20b.150,151,Κρήτης,Χανίων,80,10.1.204.1,35.36247635,24.26101875,ΚΕΝΤΡΙΚΗ ΠΛΑΤΕΙΑ,Δ.Γεωργιουπόλεως,POINT (523563.43330039416 3912983.5819168696)
dc5df4f5-3bd4-44d8-9edd-151f7270f20b.151,152,Νοτίου Αιγαίου,Δωδεκανήσου,1052,10.6.100.1,36.2920723,28.15908623,ΚΕΝΤΡΙΚΗ ΠΛΑΤΕΙΑ (ΕΛΕΥΘΕΡΙΑΣ),Δ.¶φαντου,POINT (873412.2002365489 4024088.69773289)
dc5df4f5-3bd4-44d8-9edd-151f7270f20b.152,153,Νοτίου Αιγαίου,Δωδεκανήσου,279,10.3.140.1,36.89610291,27.28949547,"ΒΑ πλευρά του Λιμένος της ΚΩ,παραπλεύρως του Κάστρου της Νερατζιάς",Δ.Κω,POINT (792981.051563902 4088113.2127755913)
dc5df4f5-3bd4-44d8-9edd-151f7270f20b.153,154,Νοτίου Αιγαίου,Δωδεκανήσου,32,10.1.92.1,36.33983994,28.20543289,ΚΕΝΤΡΙΚΗ ΠΛΑΤΕΙΑ/ΠΑΡΚΟ ΣΤΟ ΦΑΛΗΡΑΚΙ,Δ.Καλυθιών,POINT (877346.4006475002 4029571.4368572216)
dc5df4f5-3bd4-44d8-9edd-151f7270f20b.154,155,Νοτίου Αιγαίου,Δωδεκανήσου,210,10.2.220.1,36.95474625,26.9791069,ΚΕΝΤΡΙΚΟ ΔΗΜΟΤΙΚΟ ΚΑΤΑΣΤΗΜΑ ΣΤΟ ΛΙΜΑΝΙ ΤΗΣ ΚΑΛΥΜΝΟΥ ΚΑΙ ΝΕΑ ΜΑΡΙΝΑ ΤΟΥ ΝΗΣΙΟΥ,Δ.Καλυμνίων,POINT (765111.1794848511 4093711.484354653)
dc5df4f5-3bd4-44d8-9edd-151f7270f20b.155,156,Νοτίου Αιγαίου,Δωδεκανήσου,236,10.3.4.1,36.03620148,27.96019363,ΚΕΝΤΡΙΚΗ ΠΛΑΤΕΙΑ,Δ.Γενναδίου,POINT (856699.539142528 3994936.2993301805)
dc5df4f5-3bd4-44d8-9edd-151f7270f20b.156,157,Νοτίου Αιγαίου,Δωδεκανήσου,34,10.1.100.1,36.36645126,28.07715225,ΚΟΙΛΑΔΑ ΠΕΤΑΛΟΥΔΩΝ,Δ.Θεολόγου,POINT (865700.6302615815 4032031.072225051)
dc5df4f5-3bd4-44d8-9edd-151f7270f20b.157,158,Νοτίου Αιγαίου,Δωδεκανήσου,184,10.2.164.1,37.3237381,26.54442787,ΠΛΑΤΕΙΑ ΕΛΕΥΘΕΡΙΑΣ-ΛΙΜΑΝΙ,Δ.Πάτμου,POINT (725301.0148281273 4133534.6552088326)
dc5df4f5-3bd4-44d8-9edd-151f7270f20b.158,159,Ηπείρου,Πρεβέζης,1099,10.7.164.1,38.95668411,20.74768066,Πάρκο,Δ.Πρέβεζας,POINT (218021.17466406585 4316714.405761043)
dc5df4f5-3bd4-44d8-9edd-151f7270f20b.159,160,Νοτίου Αιγαίου,Κυκλάδων,1001,10.6.4.1,37.7763443,24.94600296,ΚΕΝΤΡΙΚΗ ΠΛΑΤΕΙΑ ΚΑΙ ΚΕΝΤΡΙΚΟΣ ΠΕΖΟΔΡΟΜΟΣ ΟΡΜΟΥ ΚΟΡΘΙΟΥ,Δ.Κορθίου,POINT (583159.9426328565 4181133.886597195)
dc5df4f5-3bd4-44d8-9edd-151f7270f20b.160,161,Νοτίου Αιγαίου,Κυκλάδων,231,10.4.228.1,36.4618988,25.37589073,ΠΛΑΤΕΙΑ - ΣΤΑΘΜΟΣ ΜΕΤΑΦΟΡΑΣ-ΤΕΡΜΑ ΛΕΩΦΟΡΕΙΩΝ Κ.Τ.Ε.Λ. ΟΙΑΣ,Κ.Δ.Οίας,POINT (623133.041529275 4035772.9666846236)
dc5df4f5-3bd4-44d8-9edd-151f7270f20b.161,162,Νοτίου Αιγαίου,Κυκλάδων,8,10.4.204.1,37.39781189,24.87901688,ΚΑΤΑΦΥΓΙΟ ΤΟΥΡΙΣΤΙΚΩΝ ΣΚΑΦΩΝ ΦΟΙΝΙΚΑΣ,Δ.Φοίνικος,POINT (577653.6565063086 4139078.605793591)
dc5df4f5-3bd4-44d8-9edd-151f7270f20b.162,163,Νοτίου Αιγαίου,Κυκλάδων,182,10.4.220.1,37.10749817,25.37036514,"ΛΙΜΕΝΑΣ ΝΑΞΟΥ,ΤΟΥΡΙΣΤΙΚΟ ΚΑΤΑΦΥΓΙΟ ΝΑΞΟΥ ΚΑΙ ΠΑΡΑΛΙΑΚΗ ΟΔΟΣ ΝΑΞΟΥ",Δ.Νάξου,POINT (621612.0066133821 4107387.7915037856)
dc5df4f5-3bd4-44d8-9edd-151f7270f20b.163,164,Νοτίου Αιγαίου,Κυκλάδων,313,10.4.244.1,37.43735886,25.34512329,ΚΡΑΤΙΚΟΣ ΑΕΡΟΛΙΜΕΝΑΣ ΜΥΚΟΝΟΥ,Δ.Μυκονίων (Αεροδρόμιο),POINT (618848.7380097152 4143952.633575629)
dc5df4f5-3bd4-44d8-9edd-151f7270f20b.164,165,Νοτίου Αιγαίου,Κυκλάδων,266,10.4.236.1,37.46351624,25.33059311,ΝΕΟΣ ΛΙΜΕΝΑΣ ΠΕΡΙΟΧΗΣ ΤΟΥΡΛΟΥ ΜΥΚΟΝΟΥ,Δ.Μυκονίων (Λιμάνι Τούρλου),POINT (617522.1888486737 4146836.552823965)
dc5df4f5-3bd4-44d8-9edd-151f7270f20b.165,166,Νοτίου Αιγαίου,Κυκλάδων,139,10.4.212.1,37.8567276,24.78617668,Πλατεία πλησίον της μαρίνας Μπατσίου,Δ.Μπατσίου,POINT (569009.6743026279 4189922.0226281467)
dc5df4f5-3bd4-44d8-9edd-151f7270f20b.166,167,Πελοποννήσου,Λακωνίας,1004,10.6.12.1,36.95798492,22.45080376,ΚΕΝΤΡΙΚΗ ΠΛΑΤΕΙΑ ΞΗΡΟΚΑΜΠΙΟΥ,Δ.Φαρίδος,POINT (361927.9011177811 4091044.2335202866)
dc5df4f5-3bd4-44d8-9edd-151f7270f20b.167,168,Πελοποννήσου,Λακωνίας,124,10.1.252.1,36.99191666,22.70657349,"ΚΕΝΤΡΙΚΗ ΠΛΑΤΕΙΑ, ΠΛΗΣΙΟΝ ΔΗΜΑΡΧΕΙΟΥ, ΕΜΠΟΡΙΚΟ ΚΕΝΤΡΟ ΓΕΡΑΚΙΟΥ",Δ.Γερακίου,POINT (384751.0643186168 4094469.0322980243)
dc5df4f5-3bd4-44d8-9edd-151f7270f20b.168,169,Πελοποννήσου,Λακωνίας,87,10.1.212.1,36.91540527,22.99653816,ΚΕΝΤΡΙΚΗ ΠΛΑΤΕΙΑ ΟΙΚΙΣΜΟΥ,Δ.Ρειχέας,POINT (410465.9030022335 4085669.7398517313)
dc5df4f5-3bd4-44d8-9edd-151f7270f20b.169,170,Πελοποννήσου,Λακωνίας,1028,10.7.196.1,36.73038483,22.85470581,Πλατεία,Δ.Ασωπού,POINT (397585.6495909308 4065286.507999327)
dc5df4f5-3bd4-44d8-9edd-151f7270f20b.170,171,Πελοποννήσου,Αρκαδίας,265,10.3.108.1,37.51040268,22.37493896,ΚΤΙΡΙΟ ΤΕΧΝΙΚΩΝ ΥΠΗΡΕΣΙΩΝ ΔΗΜΟΥ-ΠΛΑΤΕΙΑ ΔΙΚΑΣΤΙΚΟΥ ΜΕΓΑΡΟΥ -ΠΛΑΤΕΙΑ ΑΡΕΩ-ΠΕΖΟΔΡΟΜΟΣ,Δ.Τριπόλεως,POINT (356225.3783465967 4152447.753427596)
dc5df4f5-3bd4-44d8-9edd-151f7270f20b.171,172,Πελοποννήσου,Αρκαδίας,1135,10.7.36.1,37.59570694,22.03916931,Πλατεία,Δ.Δημητσάνης,POINT (326744.4535013647 4162478.8262519636)
dc5df4f5-3bd4-44d8-9edd-151f7270f20b.172,173,Πελοποννήσου,Κορινθίας,1023,10.6.60.1,37.95079803,22.32492638,ΚΕΝΤΡΙΚΗ ΠΛΑΤΕΙΑ Δ. ΓΚΟΥΡΑΣ,Δ.Φενέου,POINT (352679.4099216163 4201391.089578344)
dc5df4f5-3bd4-44d8-9edd-151f7270f20b.173,174,Πελοποννήσου,Κορινθίας,230,10.2.236.1,38.01454926,22.75016975,ΠΛΑΤΕΙΑ ΕΛΕΥΘΕΡΙΑΣ - ΠΕΖΟΔΡΟΜΟΣ ΚΛΕΙΣΘΕΝΟΥΣ,Δ.Σικυώνος,POINT (390137.65499698004 4207878.264659784)
dc5df4f5-3bd4-44d8-9edd-151f7270f20b.174,175,Πελοποννήσου,Μεσσηνίας,1114,10.6.148.1,37.15723038,21.58618164,ΚΕΝΤΡΙΚΗ ΠΛΑΤΕΙΑ,Δ.Φιλιατρών,POINT (285503.2074807893 4114754.2039234075)
dc5df4f5-3bd4-44d8-9edd-151f7270f20b.175,176,Πελοποννήσου,Μεσσηνίας,259,10.3.84.1,37.05108261,22.00792885,ΚΕΝΤΡΙΚΟ ΡΟΛΟΪ ΠΟΛΗΣ,Δ.Μεσσήνης,POINT (322711.86615055706 4102106.596157536)
dc5df4f5-3bd4-44d8-9edd-151f7270f20b.176,177,Πελοποννήσου,Μεσσηνίας,51,10.1.140.1,36.81752396,21.70787811,ΚΕΝΤΡΙΚΗ ΠΛΑΤΕΙΑ ΤΟΥ ΛΙΜΕΝΙΣΚΟΥ ΤΗΣ ΜΕΘΩΝΗΣ ΚΑΙ ΠΑΡΑΛΙΑ ΤΗΣ ΜΕΘΩΝΗΣ ΚΑΙ  ΠΛΑΤΕΙΑ ΔΗΜΑΡΧΕΙΟΥ,Δ.Μεθώνης,POINT (295403.7234882636 4076792.682131247)
dc5df4f5-3bd4-44d8-9edd-151f7270f20b.177,178,Πελοποννήσου,Μεσσηνίας,17,10.1.68.1,37.25152588,21.66893387,ΠΛΑΤΕΙΑ ΓΕΩΡΓΙΟΥ ΚΑΛΑΝΤΖΑΚΟΥ,Δ.Κυπαρισσίας,POINT (293110.15859592386 4125033.4624686292)
dc5df4f5-3bd4-44d8-9edd-151f7270f20b.178,179,Πελοποννήσου,Μεσσηνίας,93,10.1.228.1,37.16492844,21.98301315,ΠΛΑΤΕΙΑ 25ης ΜΑΡΤΙΟΥ,Δ.Βαλύρας,POINT (320764.3044629596 4114784.7384874015)
dc5df4f5-3bd4-44d8-9edd-151f7270f20b.179,180,Πελοποννήσου,Μεσσηνίας,5,10.1.44.1,37.28746033,21.85677528,ΚΕΝΤΡΙΚΗ ΠΛΑΤΕΙΑ,Δ.Δωρίου,POINT (309862.22733780113 4128626.9557925616)
dc5df4f5-3bd4-44d8-9edd-151f7270f20b.180,181,Πελοποννήσου,Μεσσηνίας,122,10.1.244.1,37.04262543,22.11432457,ΠΛΑΤΕΙΑ 23ης ΜΑΡΤΙΟΥ-ΙΣΤΟΡΙΚΟ ΚΕΝΤΡΟ,Δ.Καλαμάτας (Ιστορικό Κέντρο),POINT (332155.0052773951 4100975.1058152704)
dc5df4f5-3bd4-44d8-9edd-151f7270f20b.181,182,Πελοποννήσου,Μεσσηνίας,250,10.3.52.1,37.02399445,22.11332512,ΜΑΡΙΝΑ ΚΑΛΑΜΑΤΑΣ,Δ.Καλαμάτας (Μαρίνα),POINT (332025.1869584967 4098909.7059043474)
dc5df4f5-3bd4-44d8-9edd-151f7270f20b.182,183,Πελοποννήσου,Μεσσηνίας,52,10.1.148.1,36.79692078,21.9583683,ΠΑΡΑΛΙΑΚΗ ΖΩΝΗ-ΛΙΜΕΝΑΣ ΚΑΙ ΠΛΑΤΕΙΑ,Δ.Κορώνης,POINT (317700.36953199893 4074000.267499774)
dc5df4f5-3bd4-44d8-9edd-151f7270f20b.183,184,Πελοποννήσου,Μεσσηνίας,1036,10.7.172.1,36.91358566,21.69637299,Πλατεία,Δ.Πύλου,POINT (294634.6586868614 4087476.298823612)
dc5df4f5-3bd4-44d8-9edd-151f7270f20b.184,185,Πελοποννήσου,Αργολίδος,1025,10.7.20.1,37.59569168,23.07757568,Πλατεία,Δ.Ασκληπιείου,POINT (418420.187462325 4161069.632349584)
dc5df4f5-3bd4-44d8-9edd-151f7270f20b.185,186,Πελοποννήσου,Αργολίδος,1064,10.7.100.1,37.70543671,22.5518856,Πλατεία,Δ.Λυρκείας,POINT (372198.8773661853 4173831.8412811197)
dc5df4f5-3bd4-44d8-9edd-151f7270f20b.186,187,Στερεάς Ελλάδας,Ευρυτανίας,284,10.5.52.1,38.79590225,21.85111618,"ΠΛΑΤΕΙΑ ΕΛΕΥΘΕΡΙΑΣ, -ΚΕΝΤΡΟ ΣΥΝΕΚΤΙΚΟΥ ΙΣΤΟΥ",Δ.Δομνίστης,POINT (313230.94871805556 4296033.744159105)
dc5df4f5-3bd4-44d8-9edd-151f7270f20b.187,188,Στερεάς Ελλάδας,Ευρυτανίας,1018,10.7.12.1,39.13909912,21.64924622,Πλατεία,Δ.Αγράφων,POINT (296680.77706582507 4334556.8527865885)
dc5df4f5-3bd4-44d8-9edd-151f7270f20b.188,189,Στερεάς Ελλάδας,Ευρυτανίας,1039,10.7.56.1,38.82638168,21.74238205,Πλατεία,Δ.Ποταμίας,POINT (303870.50342846627 4299644.191786987)
dc5df4f5-3bd4-44d8-9edd-151f7270f20b.189,190,Στερεάς Ελλάδας,Βοιωτίας,1125,10.7.84.1,38.43352509,22.87250519,Πεζόδρομος,Δ.Λεβαδέων,POINT (401442.9984639673 4254231.631883053)
dc5df4f5-3bd4-44d8-9edd-151f7270f20b.190,191,Στερεάς Ελλάδας,Φωκίδος,31,10.1.84.1,38.37820053,22.3852272,ΚΕΝΤΡΙΚΟ ΛΙΜΑΝΙ,Δ.Γαλαξιδίου,POINT (358803.800537926 4248724.918592086)
dc5df4f5-3bd4-44d8-9edd-151f7270f20b.191,192,Στερεάς Ελλάδας,Φθιώτιδος,1081,10.6.132.1,38.90901947,22.12594986,ΚΕΝΤΡΙΚΗ ΠΛΑΤΕΙΑ,Δ.Σπερχειάδος,POINT (337358.4347086597 4308062.249692008)
dc5df4f5-3bd4-44d8-9edd-151f7270f20b.192,193,Στερεάς Ελλάδας,Φθιώτιδος,1047,10.6.92.1,38.65463257,22.99489975,ΠΛΑΤΕΙΑ ΑΓ. ΘΕΟΔΟΡΩΝ,Δ.Αταλάντης,POINT (412394.075389735 4278643.701303805)
dc5df4f5-3bd4-44d8-9edd-151f7270f20b.193,194,Στερεάς Ελλάδας,Φθιώτιδος,1080,10.7.68.1,39.23933411,22.27593994,Πλατεία,Δ.Θεσσαλιώτιδος,POINT (351059.79257388285 4344465.223513743)
dc5df4f5-3bd4-44d8-9edd-151f7270f20b.194,195,Στερεάς Ελλάδας,Φθιώτιδος,1088,10.7.180.1,38.91327667,22.61853218,Πλατεία,Δ.Στυλίδας,POINT (380077.65572059964 4307772.698036356)
dc5df4f5-3bd4-44d8-9edd-151f7270f20b.195,196,Στερεάς Ελλάδας,Φθιώτιδος,1002,10.7.236.1,38.73996735,22.33802986,Πλατεία,Κ.Παυλιανής,POINT (355406.94263657095 4288944.720237615)
dc5df4f5-3bd4-44d8-9edd-151f7270f20b.196,197,Στερεάς Ελλάδας,Φθιώτιδος,1077,10.7.92.1,38.91589737,22.30402756,Πλατεία,Κ.Λειανοκλαδίου,POINT (352814.0489444652 4308523.450848945)
